SNP,chi,pvalue,chi2,pvalue2
rs10849373,569,1e-4,540,1e-4
rs12445022,358.9537,1e-4,332.3051,1e-4
rs3746444,322,1e-4,297,1e-4
rs67839313,212.6286,1e-4,190.2732,1e-4
rs9309245,156.3063,1e-4,144.4977,1e-4
rs2213732,135.2952,1e-4,115.0777,1e-4
rs10489177,123.4382,1e-4,112.8672,1e-4
rs11924390,79.9474,1e-4,74.9177,1e-4
rs1116357,69.1102,1e-4,68.7285,1e-4
rs12679556,59.0773,1e-4,54.1813,1e-4
rs2247304,56.0487,1e-4,51.9067,1e-4
rs705379,41.3409,1e-4,39.4125,1e-4
rs3802177,37.8517,1e-4,39.3695,1e-4
rs2107595,33.946,1e-4,31.1594,1e-4
rs1387153,12.2566,4e-4,10.3579,0.0012
rs340874,10.5127,7e-4,10.3245,0.001
rs243021,9.3915,0.0029,8.3952,0.005
rs2851391,8.8985,0.0033,7.3458,0.0033
rs719037,8.7016,0.0044,8.9495,0.0032
rs854572,8.2907,0.003,8.7875,0.0024
rs2787417,7.2964,0.0051,6.7877,0.0115
rs1800796,6.7616,0.007,8.6381,0.0042
rs13266634,6.5428,0.0135,8.9546,0.0032
rs1501299,5.2924,0.0288,5.9794,0.0164
rs2066715,5.1154,0.0257,4.1181,0.0436
rs1801133,5.0734,0.0278,4.6041,0.0378
rs12363280,5.0012,0.0286,4.0421,0.061
rs4577037,4.736,0.0364,4.7274,0.0352
rs2910164,4.6168,0.0271,4.5301,0.0355
rs3733890,4.4911,0.0349,5.7549,0.0186
rs351855,4.4119,0.0344,4.2122,0.044
rs520540,4.052,0.0436,5.3463,0.0228
rs10037045,4.0017,0.0599,5.0622,0.026
rs266729,3.8095,0.0494,3.8714,0.0537
rs12596316,3.8077,0.0489,3.3313,0.0733
rs3809263,3.5918,0.198,3.5918,0.19
rs10886471,3.589,0.0575,4.5381,0.043
rs2293050,3.587,0.0585,4.0534,0.0506
rs3865188,3.5283,0.066,3.1251,0.081
rs12051272,3.45,0.0692,3.7721,0.0589
rs12932445,3.4468,0.0558,3.5618,0.0763
rs180058,3.3333,0.0829,3.8872,0.0633
rs3887137,3.289,0.0792,4.4301,0.0376
rs4783244,3.2098,0.0791,3.3387,0.0694
rs5020946,3.1641,0.0792,3.0023,0.0952
rs972283,3.0605,0.0918,3.6949,0.0494
rs3737787,3.0404,0.1077,2.4797,0.1319
rs2634074,2.9597,0.1004,3.2663,0.0743
rs16851055,2.8307,0.0924,3.3342,0.0666
rs17584499,2.6741,0.1264,2.8543,0.1065
rs12495941,2.5297,0.1318,3.6157,0.0693
rs4812829,2.4874,0.111,2.969,0.0913
rs2283228,2.4498,0.1275,2.8199,0.1153
rs1051319,2.4486,0.1468,2.5686,0.0431
rs405509,2.4483,0.1612,3.1878,0.0957
rs16879248,2.416,0.1255,1.7812,0.1561
rs8176668,2.3956,0.1771,2.3956,0.1886
rs2393938,2.3956,0.1871,2.3956,0.1824
rs2139733,2.3153,0.1273,2.6734,0.1105
rs662,2.3124,0.1283,2.2381,0.1366
rs2106261,2.23,0.1424,2.7437,0.104
rs107251,2.0459,0.1732,2.7796,0.0724
rs2516839,1.9826,0.1676,3.7412,0.0739
rs2267164,1.9378,0.1615,2.24,0.1522
rs2200733,1.9364,0.1887,1.3665,0.2509
rs2820443,1.9355,0.1614,2.0941,0.1492
rs879324,1.8215,0.181,2.937,0.097
rs11077501,1.7112,0.1814,1.8852,0.1997
rs7403531,1.6657,0.1952,1.8167,0.1896
rs4846049,1.6636,0.3462,1.6636,0.3413
rs161802,1.633,0.2188,1.2274,0.3066
rs1428155,1.5382,0.2229,2.0102,0.1635
rs10757278,1.4545,0.244,1.1792,0.2903
rs1778155,1.4432,0.2451,1.2959,0.2894
rs694539,1.3903,0.2294,1.1447,0.3172
rs4311394,1.3893,0.249,1.1313,0.3371
rs4360791,1.3705,0.275,1.5327,0.1947
rs4977574,1.363,0.2512,1.2891,0.2641
rs2540489,1.3292,0.2585,0.555,0.4566
rs182052,1.3267,0.2537,2.6121,0.1101
rs2540500,1.3265,0.2528,0.6295,0.4844
rs2861568,1.3154,0.2654,1.9632,0.1778
rs2240419,1.2304,0.3049,0.36870000000000003,0.5016
rs17817449,1.1973,0.298,0.4296,0.5999
rs8050136,1.1973,0.3014,0.4296,0.5995
rs1063538,1.197,0.2775,0.9372,0.3731
rs934075,1.1787,0.305,1.259,0.2622
rs3735590,1.1475,0.2922,0.6424,0.4738
rs2072512,1.1252,0.3074,1.2185,0.2884
rs1952706,1.1213,0.2884,1.9133,0.1882
rs10204475,1.1083,0.3842,1.0174,0.3887
rs7923837,1.089,0.3889,2.2018,0.1501
rs6556301,1.0864,0.3044,0.6566,0.4394
rs6017317,1.0431,0.3075,0.9644,0.36
rs660599,1.0425,0.3403,0.4283,0.6217
rs2237892,1.0364,0.323,1.2557,0.2717
rs11558471,1.0125,0.3693,1.9064,0.1964
rs2516838,0.9884,0.4001,0.9512,0.23
rs505922,0.9547,0.3033,0.6846,0.3972
rs1131445,0.9409,0.3575,0.0898,0.7801
rs12425791,0.9383,0.3619,1.2961,0.2584
rs864265,0.8812,0.489,0.8649,0.483
rs2228014,0.8738,0.3625,0.8263,0.4707
rs705381,0.8478,0.3625,0.6137,0.5476
rs10946398,0.8409,0.3744,0.7398,0.4191
rs501120,0.8327,0.3948,0.4281,0.5571
rs2364368,0.7822,0.5634,0.7822,0.567
rs4948878,0.7615,0.428,0.7895,0.425
rs1048612,0.7231,0.4323,0.1214,0.7255
rs4712524,0.7078,0.4319,0.5702,0.4875
rs7298096,0.6959,0.4552,0.8659,0.3666
rs2383206,0.694,0.4091,0.7609,0.3995
rs579459,0.6859,0.4579,0.8352,0.3868
rs984222,0.6817,0.4152,0.7452,0.3894
rs7412,0.6572,0.6437,0.6166,0.3856
rs11614913,0.6314,0.414,0.9503,0.326
rs1544468,0.629,0.4431,0.5828,0.5477
rs731991,0.6095,0.4424,0.6615,0.4265
rs1333040,0.598,0.427,0.2969,0.5928
rs2625967,0.5874,0.4367,0.6798,0.4323
rs1534696,0.5711,0.494,0.6717,0.4263
rs234709,0.5538,0.562,0.4899,0.5507
rs13702,0.5432,1,0.5432,1
rs4148727,0.54,0.5272,0.3846,0.6556
rs7756992,0.5261,0.5067,0.7147,0.4036
rs3842,0.5182,0.5135,0.5333,0.5042
rs67156297,0.5063,0.4782,0.1393,0.7171
rs2292832,0.4903,0.4869,0.3408,0.5845
rs2043211,0.4644,0.5152,0.2301,0.6569
rs1111875,0.4567,0.5059,0.7956,0.3925
rs6565105,0.4469,0.5344,0.3924,0.5171
rs2297630,0.4419,0.5298,0.0728,0.7911
rs6538697,0.4218,0.5441,0.1003,0.7895
rs11052413,0.4125,0.3847,2.0461,0.0579
rs7651090,0.3812,0.5545,0.0015,1
rs2383207,0.3802,0.544,0.1213,0.7514
rs2389995,0.371,0.5568,1.5166,0.1925
rs11833579,0.3673,0.5888,0.2362,0.639
rs7193788,0.3631,0.5433,0.2109,0.63
rs10447248,0.3564,0.6094,0.1681,0.704
rs556621,0.3396,0.5839,0.5938,0.4317
rs7193343,0.3085,0.5968,0.1449,0.7074
rs2237895,0.3081,0.5956,0.0774,0.8151
rs17070967,0.2865,0.5648,0.145,0.7794
rs10116277,0.2863,0.613,0.0915,0.7932
rs2230501,0.2815,0.5239,0.0361,0.8228
rs10811661,0.2783,0.6421,0.298,0.5929
rs11868708,0.2689,0.6682,0.1654,0.7702
rs822391,0.2595,0.7529,0.2698,0.7481
rs4712032,0.2587,0.732,0.7386,0.3945
rs12779790,0.2586,0.6709,0.397,0.5066
rs429358,0.2555,1,0.538,0.3861
rs7178239,0.2481,0.6678,1.2034,0.3094
rs9939609,0.2431,0.7968,0.014,1
rs4523957,0.2166,0.6586,0.135,0.6355
rs966221,0.2139,0.6802,0.5399,0.5288
rs117690401,0.2079,0.6526,0.5189,0.4841
rs225132,0.1874,0.6895,0.093,0.8023
rs1532268,0.184,0.8157,0.0678,0.8163
rs2943641,0.1811,0.7142,0.1716,0.7235
rs9551963,0.1793,0.6381,0.1065,0.7412
rs1746048,0.1791,0.7151,0.018,0.9374
rs1801157,0.1785,0.6315,0.1807,0.6227
rs6780569,0.1761,0.7315,0.0751,0.8084
rs3865186,0.169,0.6819,0.5,0.4758
rs6843082,0.1669,0.6719,0.0644,0.8596
rs4911495,0.1606,0.7725,0.0528,0.882
rs2301955,0.1586,0.7013,0.0846,0.8365
rs10507391,0.1513,0.7049,0.6597,0.3917
rs11196288,0.1512,0.7059,0.0882,0.8153
rs3848180,0.1382,0.722,0.0461,0.8995
rs8034928,0.1369,0.7993,0.7649,0.4276
rs1334576,0.1332,0.6819,0.1501,0.7209
rs10830963,0.1272,0.7251,0.1422,0.7125
rs3786897,0.1225,0.734,0.016,0.9443
rs1767788,0.11,1,0.11,1
rs2925979,0.1023,0.7751,0.041,0.8283
rs12608504,0.0804,0.8434,0.2074,0.6873
rs3217992,0.0764,1,0.0764,1
rs3923113,0.0763,0.8307,0.2628,0.6661
rs1805087,0.0713,1,0.1459,1
rs4769060,0.0645,0.8987,0.0872,0.7874
rs6773957,0.0624,0.826,0.0473,0.9098
rs7041847,0.0602,0.7868,0.037,0.8322
rs4293222,0.057,0.8817,0,1
rs780094,0.0549,0.844,0.0742,0.7773
rs11920090,0.053,1,0.0573,1
rs9536591,0.0505,0.8713,0.1465,0.6253
rs1027087,0.0471,0.799,0.0784,0.7293
rs17070905,0.0447,1,0.0023,1
rs12429692,0.0403,0.8688,0.0275,0.8754
rs822396,0.037,1,0.0348,1
rs16861194,0.0365,0.9071,0.7745,0.4142
rs12255372,0.0282,1,0.0212,1
rs1801278,0.028,1,0.0209,1
rs4607103,0.0233,0.8808,0.0079,0.9373
rs5015480,0.0203,1,0.1028,0.8153
rs7612463,0.0182,1,0.2979,0.5936
rs2301957,0.0145,1,0.0224,1
rs6905288,0.0098,0.9304,0.0637,0.791
rs7857345,0.0086,0.9358,0.1849,0.6765
rs13017482,0.0048,1,0.0029,1
rs3825075,0.0031,1,0.04,0.9032
rs1982963,0.0031,1,0.0136,0.9094
rs7903146,0.0029,1,0.0942,1
rs3774261,0.0017,1,0.0701,0.8148
rs5219,0.0011,1,0.0878,0.79990000000000006
rs4402960,8e-4,1,0.3472,0.5511
rs1906591,2e-4,1,0,1
rs4506565,2e-4,1,0.0663,1
rs1029153,2e-4,1,0.1399,0.6756
rs12204590,NA,NA,NA,NA
rs5001076,NA,NA,NA,NA
rs7531549,NA,NA,NA,NA
rs2241766,NA,NA,NA,NA
rs7107784,NA,NA,NA,NA
rs7766070,NA,NA,NA,NA
