rsid,genotype,Count,freq,miss_N,miss_freq
rs117690401,A:A,16,0.0071269487750556795,139,0.058
rs117690401,A:G,337,0.15011135857461025,139,0.058
rs117690401,G:G,1892,0.8427616926503341,139,0.058
rs1428155,C:C,263,0.11949114039073148,183,0.077
rs1428155,C:T,948,0.4307133121308496,183,0.077
rs1428155,T:T,990,0.4497955474784189,183,0.077
rs660599,C:C,1707,0.7794520547945205,194,0.081
rs660599,C:T,453,0.20684931506849316,194,0.081
rs660599,T:T,30,0.0136986301369863,194,0.081
rs879324,C:C,944,0.427536231884058,176,0.074
rs879324,C:T,982,0.4447463768115942,176,0.074
rs879324,T:T,282,0.12771739130434784,176,0.074
rs2066715,A:A,323,0.14510332434860737,158,0.066
rs2066715,A:G,1114,0.5004492362982929,158,0.066
rs2066715,G:G,789,0.35444743935309975,158,0.066
rs2237895,A:A,984,0.4530386740331492,212,0.089
rs2237895,A:C,948,0.43646408839779005,212,0.089
rs2237895,C:C,240,0.11049723756906077,212,0.089
rs67156297,A:A,25,0.01152073732718894,214,0.09
rs67156297,A:G,376,0.17327188940092167,214,0.09
rs67156297,G:G,1769,0.8152073732718894,214,0.09
rs7403531,C:C,845,0.3782452999104745,150,0.063
rs7403531,C:T,1080,0.4834377797672337,150,0.063
rs7403531,T:T,309,0.13831692032229184,150,0.063
rs780094,A:A,649,0.29234234234234235,164,0.069
rs780094,A:G,1101,0.49594594594594593,164,0.069
rs780094,G:G,470,0.21171171171171171,164,0.069
rs972283,A:A,139,0.0625281151596941,161,0.068
rs972283,A:G,902,0.4057579847053531,161,0.068
rs972283,G:G,1182,0.5317139001349528,161,0.068
rs2200733,C:C,475,0.2092511013215859,114,0.048
rs2200733,C:T,1196,0.5268722466960353,114,0.048
rs2200733,T:T,599,0.26387665198237886,114,0.048
rs1048612,C:C,1508,0.6741171211443898,147,0.062
rs1048612,C:T,642,0.2869915064818954,147,0.062
rs1048612,T:T,87,0.038891372373714796,147,0.062
rs10811661,C:C,553,0.24371970030850595,115,0.048
rs10811661,C:T,1116,0.49184662847069194,115,0.048
rs10811661,T:T,600,0.26443367122080214,115,0.048
rs1746048,C:C,967,0.4263668430335097,116,0.049
rs1746048,C:T,1012,0.4462081128747795,116,0.049
rs1746048,T:T,289,0.12742504409171077,116,0.049
rs1801133,C:C,321,0.14072775098640947,103,0.043
rs1801133,C:T,1018,0.44629548443665057,103,0.043
rs1801133,T:T,942,0.41297676457693994,103,0.043
rs2292832,C:C,249,0.11027457927369354,126,0.053
rs2292832,C:T,937,0.4149689991142604,126,0.053
rs2292832,T:T,1072,0.47475642161204606,126,0.053
rs2297630,A:A,54,0.023663453111305872,102,0.043
rs2297630,A:G,563,0.2467134092900964,102,0.043
rs2297630,G:G,1665,0.7296231375985978,102,0.043
rs2383207,A:A,240,0.10582010582010581,116,0.049
rs2383207,A:G,970,0.427689594356261,116,0.049
rs2383207,G:G,1058,0.46649029982363316,116,0.049
rs3865188,A:A,229,0.10021881838074398,99,0.042
rs3865188,A:T,1068,0.4673960612691466,99,0.042
rs3865188,T:T,988,0.4323851203501094,99,0.042
rs4783244,G:G,988,0.4314410480349345,94,0.039
rs4783244,G:T,1068,0.4663755458515284,94,0.039
rs4783244,T:T,234,0.10218340611353711,94,0.039
rs1801157,A:A,113,0.049583150504607286,105,0.044
rs1801157,A:G,758,0.33260201842913556,105,0.044
rs1801157,G:G,1408,0.6178148310662571,105,0.044
rs3802177,C:C,992,0.4655091506335054,253,0.106
rs3802177,C:T,793,0.3721257625527921,253,0.106
rs3802177,T:T,346,0.16236508681370249,253,0.106
rs6565105,A:A,404,0.17719298245614035,104,0.044
rs6565105,A:G,1081,0.47412280701754383,104,0.044
rs6565105,G:G,795,0.34868421052631576,104,0.044
rs7756992,A:A,484,0.2126537785588752,108,0.045
rs7756992,A:G,1153,0.5065905096660809,108,0.045
rs7756992,G:G,639,0.28075571177504394,108,0.045
rs1111875,A:A,1201,0.5262927256792288,102,0.043
rs1111875,A:G,893,0.3913234005258545,102,0.043
rs1111875,G:G,188,0.08238387379491674,102,0.043
rs16861194,A:A,1554,0.6806833114323259,101,0.042
rs16861194,A:G,651,0.2851511169513798,101,0.042
rs16861194,G:G,78,0.03416557161629435,101,0.042
rs266729,C:C,1181,0.5168490153172867,99,0.042
rs266729,C:G,942,0.41225382932166305,99,0.042
rs266729,G:G,162,0.07089715536105033,99,0.042
rs3735590,C:C,1691,0.7355371900826446,85,0.036
rs3735590,C:T,556,0.24184428012179207,85,0.036
rs3735590,T:T,52,0.022618529795563287,85,0.036
rs662,A:A,278,0.12176960140166447,101,0.042
rs662,A:G,1128,0.4940867279894875,101,0.042
rs662,G:G,877,0.384143670608848,101,0.042
rs10447248,A:A,1019,0.4508849557522124,124,0.052
rs10447248,A:G,980,0.4336283185840708,124,0.052
rs10447248,G:G,261,0.11548672566371682,124,0.052
rs1778155,C:C,1713,0.8057384760112888,258,0.108
rs1778155,C:T,383,0.1801505174035748,258,0.108
rs1778155,T:T,30,0.014111006585136407,258,0.108
rs1952706,C:C,393,0.2291545189504373,669,0.281
rs1952706,C:T,830,0.4839650145772595,669,0.281
rs1952706,T:T,492,0.2868804664723032,669,0.281
rs1027087,A:A,1055,0.49345182413470534,246,0.103
rs1027087,A:T,905,0.42329279700654815,246,0.103
rs1027087,T:T,178,0.0832553788587465,246,0.103
rs10489177,G:G,959,0.46261456825856245,311,0.13
rs10489177,G:T,567,0.2735166425470333,311,0.13
rs10489177,T:T,547,0.26386878919440426,311,0.13
rs11077501,C:C,158,0.07798617966436328,358,0.15
rs11077501,C:T,844,0.4165844027640671,358,0.15
rs11077501,T:T,1024,0.5054294175715696,358,0.15
rs12445022,A:A,678,0.3146171693735499,229,0.096
rs12445022,A:G,358,0.16612529002320187,229,0.096
rs12445022,G:G,1119,0.5192575406032482,229,0.096
rs12679556,G:G,987,0.5219460602855632,493,0.207
rs12679556,G:T,601,0.3178212585933369,493,0.207
rs12679556,T:T,303,0.16023268112109995,493,0.207
rs13017482,C:C,48,0.022609514837494113,261,0.109
rs13017482,C:T,490,0.23080546396608573,261,0.109
rs13017482,T:T,1585,0.7465850211964201,261,0.109
rs1334576,A:A,626,0.2980952380952381,284,0.119
rs1334576,A:G,1041,0.4957142857142857,284,0.119
rs1334576,G:G,433,0.2061904761904762,284,0.119
rs1982963,A:A,1311,0.616650987770461,258,0.108
rs1982963,A:G,727,0.3419567262464723,258,0.108
rs1982963,G:G,88,0.041392285983066796,258,0.108
rs2213732,A:A,1581,0.758273381294964,299,0.125
rs2213732,A:G,323,0.15491606714628298,299,0.125
rs2213732,G:G,181,0.086810551558753,299,0.125
rs225132,G:G,1000,0.4734848484848485,272,0.114
rs225132,G:T,886,0.41950757575757575,272,0.114
rs225132,T:T,226,0.10700757575757576,272,0.114
rs2625967,A:A,685,0.3241836251774728,271,0.114
rs2625967,A:G,1060,0.5016564126833886,271,0.114
rs2625967,G:G,368,0.17415996213913867,271,0.114
rs2820443,C:C,200,0.09514747859181731,282,0.118
rs2820443,C:T,962,0.4576593720266413,282,0.118
rs2820443,T:T,940,0.44719314938154137,282,0.118
rs2861568,A:A,506,0.24901574803149606,352,0.148
rs2861568,A:T,978,0.4812992125984252,352,0.148
rs2861568,T:T,548,0.26968503937007876,352,0.148
rs2925979,C:C,817,0.37494263423588803,205,0.086
rs2925979,C:T,1024,0.46994033960532355,205,0.086
rs2925979,T:T,338,0.15511702615878845,205,0.086
rs351855,A:A,305,0.14232384507699486,241,0.101
rs351855,A:G,1095,0.510965935604293,241,0.101
rs351855,G:G,743,0.3467102193187121,241,0.101
rs3887137,C:C,781,0.40403517847904813,451,0.189
rs3887137,C:T,870,0.4500775995861355,451,0.189
rs3887137,T:T,282,0.14588722193481635,451,0.189
rs4911495,A:A,1509,0.7451851851851852,359,0.151
rs4911495,A:C,465,0.22962962962962963,359,0.151
rs4911495,C:C,51,0.025185185185185185,359,0.151
rs5020946,G:G,781,0.38023369036027266,330,0.138
rs5020946,G:T,981,0.47760467380720545,330,0.138
rs5020946,T:T,292,0.14216163583252192,330,0.138
rs6905288,A:A,1067,0.5192214111922141,329,0.138
rs6905288,A:G,832,0.4048661800486618,329,0.138
rs6905288,G:G,156,0.07591240875912408,329,0.138
rs984222,C:C,288,0.14000972289742344,327,0.137
rs984222,C:G,970,0.47156052503646084,327,0.137
rs984222,G:G,799,0.3884297520661157,327,0.137
rs1534696,A:A,1350,0.6604696673189824,340,0.143
rs1534696,A:C,611,0.29892367906066536,340,0.143
rs1534696,C:C,83,0.04060665362035225,340,0.143
rs6556301,G:G,393,0.18564005668398678,267,0.112
rs6556301,G:T,1079,0.50968351440718,267,0.112
rs6556301,T:T,645,0.30467642890883323,267,0.112
rs12608504,A:A,116,0.056557776694295465,333,0.14
rs12608504,A:G,728,0.35494880546075086,333,0.14
rs12608504,G:G,1207,0.5884934178449537,333,0.14
rs10849373,A:A,33,0.024193548387096774,1020,0.428
rs10849373,G:G,1331,0.9758064516129032,1020,0.428
rs2139733,A:A,269,0.2027128862094951,1057,0.443
rs2139733,A:T,606,0.4566691785983421,1057,0.443
rs2139733,T:T,452,0.34061793519216277,1057,0.443
rs3842,C:C,94,0.0724191063174114,1086,0.456
rs3842,C:T,509,0.3921417565485362,1086,0.456
rs3842,T:T,695,0.5354391371340523,1086,0.456
rs4148727,A:A,1024,0.7787072243346007,1069,0.448
rs4148727,A:G,280,0.21292775665399238,1069,0.448
rs4148727,G:G,11,0.008365019011406844,1069,0.448
rs9551963,A:A,792,0.4153120083901416,477,0.2
rs9551963,A:C,866,0.454116413214473,477,0.2
rs9551963,C:C,249,0.1305715783953854,477,0.2
rs12051272,G:G,1026,0.47215830648872525,211,0.089
rs12051272,G:T,962,0.4427059364933272,211,0.089
rs12051272,T:T,185,0.08513575701794754,211,0.089
rs2540489,A:A,781,0.36701127819548873,256,0.107
rs2540489,A:G,1040,0.48872180451127817,256,0.107
rs2540489,G:G,307,0.14426691729323307,256,0.107
rs2240419,A:A,119,0.053579468707789284,163,0.068
rs2240419,A:G,833,0.375056280954525,163,0.068
rs2240419,G:G,1269,0.5713642503376857,163,0.068
rs6538697,C:C,150,0.06714413607878246,150,0.063
rs6538697,C:T,893,0.39973142345568485,150,0.063
rs6538697,T:T,1191,0.5331244404655326,150,0.063
rs2383206,A:A,621,0.2911392405063291,251,0.105
rs2383206,A:G,1043,0.48898265353961556,251,0.105
rs2383206,G:G,469,0.21987810595405533,251,0.105
rs2389995,A:A,1403,0.6202475685234305,122,0.051
rs2389995,A:G,766,0.33863837312113176,122,0.051
rs2389995,G:G,93,0.04111405835543767,122,0.051
rs7857345,C:C,1034,0.48544600938967136,254,0.107
rs7857345,C:T,892,0.4187793427230047,254,0.107
rs7857345,T:T,204,0.09577464788732394,254,0.107
rs10507391,A:A,277,0.14352331606217616,454,0.19
rs10507391,A:T,912,0.47253886010362695,454,0.19
rs10507391,T:T,741,0.3839378238341969,454,0.19
rs2043211,A:A,490,0.25735294117647056,480,0.201
rs2043211,A:T,952,0.5,480,0.201
rs2043211,T:T,462,0.2426470588235294,480,0.201
rs11196288,A:A,933,0.4345598509548207,237,0.099
rs11196288,A:G,986,0.4592454587796926,237,0.099
rs11196288,G:G,228,0.10619469026548672,237,0.099
rs11614913,C:C,499,0.2384137601528906,291,0.122
rs11614913,C:T,1072,0.5121834687052078,291,0.122
rs11614913,T:T,522,0.24940277114190157,291,0.122
rs12425791,A:A,141,0.06521739130434782,222,0.093
rs12425791,A:G,791,0.3658649398704903,222,0.093
rs12425791,G:G,1230,0.5689176688251619,222,0.093
rs161802,G:G,267,0.12494150678521292,247,0.104
rs161802,G:T,888,0.4155357978474497,247,0.104
rs161802,T:T,982,0.45952269536733736,247,0.104
rs16851055,A:A,77,0.03628652214891612,262,0.11
rs16851055,A:G,637,0.3001885014137606,262,0.11
rs16851055,G:G,1408,0.6635249764373233,262,0.11
rs2787417,C:C,685,0.33578431372549017,344,0.144
rs2787417,C:T,911,0.4465686274509804,344,0.144
rs2787417,T:T,444,0.21764705882352942,344,0.144
rs4977574,A:A,662,0.30619796484736356,222,0.093
rs4977574,A:G,1042,0.48196114708603144,222,0.093
rs4977574,G:G,458,0.211840888066605,222,0.093
rs505922,C:C,501,0.2345505617977528,248,0.104
rs505922,C:T,1049,0.4911048689138577,248,0.104
rs505922,T:T,586,0.2743445692883895,248,0.104
rs579459,C:C,110,0.051186598417868774,235,0.099
rs579459,C:T,626,0.2912982782689623,235,0.099
rs579459,T:T,1413,0.657515123313169,235,0.099
rs934075,A:A,517,0.2443289224952741,268,0.112
rs934075,A:G,1036,0.4896030245746692,268,0.112
rs934075,G:G,563,0.2660680529300567,268,0.112
rs10830963,C:C,699,0.32847744360902253,256,0.107
rs10830963,C:G,1045,0.49107142857142855,256,0.107
rs10830963,G:G,384,0.18045112781954886,256,0.107
rs1116357,C:C,512,0.24346172135045174,281,0.118
rs1116357,C:T,735,0.34950071326676174,281,0.118
rs1116357,T:T,856,0.4070375653827865,281,0.118
rs1387153,C:C,572,0.2723809523809524,284,0.119
rs1387153,C:T,882,0.42,284,0.119
rs1387153,T:T,646,0.3076190476190476,284,0.119
rs243021,C:C,448,0.22090729783037474,356,0.149
rs243021,C:T,904,0.4457593688362919,356,0.149
rs243021,T:T,676,0.3333333333333333,356,0.149
rs4607103,C:C,881,0.4111059262715819,241,0.101
rs4607103,C:T,965,0.4503033131124592,241,0.101
rs4607103,T:T,297,0.13859076061595893,241,0.101
rs67839313,C:C,560,0.26254102203469293,251,0.105
rs67839313,C:T,448,0.21003281762775433,251,0.105
rs67839313,T:T,1125,0.5274261603375527,251,0.105
rs7041847,A:A,459,0.21794871794871795,278,0.117
rs7041847,A:G,1027,0.4876543209876543,278,0.117
rs7041847,G:G,620,0.2943969610636277,278,0.117
rs7766070,C:C,2222,1,162,0.068
rs9309245,C:C,922,0.45870646766169154,374,0.157
rs9309245,C:G,539,0.2681592039800995,374,0.157
rs9309245,G:G,549,0.27313432835820894,374,0.157
rs340874,A:A,654,0.30249768732654947,222,0.093
rs340874,A:G,960,0.4440333024976873,222,0.093
rs340874,G:G,548,0.2534690101757632,222,0.093
rs3786897,A:A,529,0.251425855513308,280,0.117
rs3786897,A:G,1047,0.4976235741444867,280,0.117
rs3786897,G:G,528,0.2509505703422053,280,0.117
rs7193343,C:C,249,0.1105683836589698,132,0.055
rs7193343,C:T,998,0.44316163410301956,132,0.055
rs7193343,T:T,1005,0.4462699822380107,132,0.055
rs11833579,A:A,261,0.11836734693877551,179,0.075
rs11833579,A:G,959,0.43492063492063493,179,0.075
rs11833579,G:G,985,0.4467120181405896,179,0.075
rs1029153,C:C,86,0.04341241797072186,403,0.169
rs1029153,C:T,650,0.3281171125694094,403,0.169
rs1029153,T:T,1245,0.6284704694598687,403,0.169
rs2237892,C:C,1019,0.4672168729940394,203,0.085
rs2237892,C:T,918,0.42090784044016505,203,0.085
rs2237892,T:T,244,0.11187528656579551,203,0.085
rs2910164,C:C,649,0.2893446277307178,141,0.059
rs2910164,C:G,1199,0.5345519393669194,141,0.059
rs2910164,G:G,395,0.1761034329023629,141,0.059
rs3865186,C:C,671,0.30723443223443225,200,0.084
rs3865186,C:T,1078,0.4935897435897436,200,0.084
rs3865186,T:T,435,0.19917582417582416,200,0.084
rs4948878,A:A,1860,0.8740601503759399,256,0.107
rs4948878,A:G,252,0.11842105263157894,256,0.107
rs4948878,G:G,16,0.007518796992481203,256,0.107
rs6843082,A:A,169,0.07501109631602308,131,0.055
rs6843082,A:G,876,0.38881491344873503,131,0.055
rs6843082,G:G,1208,0.5361739902352419,131,0.055
rs501120,A:A,824,0.38272178355782627,231,0.097
rs501120,A:G,996,0.46261031119368323,231,0.097
rs501120,G:G,333,0.15466790524849047,231,0.097
rs7193788,A:A,632,0.2841726618705036,160,0.067
rs7193788,A:G,1103,0.49595323741007197,160,0.067
rs7193788,G:G,489,0.21987410071942445,160,0.067
rs182052,A:A,604,0.2741715842033591,181,0.076
rs182052,A:G,1066,0.48388561053109397,181,0.076
rs182052,G:G,533,0.24194280526554698,181,0.076
rs6017317,G:G,409,0.18917668825161887,222,0.093
rs6017317,G:T,1101,0.5092506938020351,222,0.093
rs6017317,T:T,652,0.301572617946346,222,0.093
rs6780569,A:A,80,0.03750586029067042,251,0.105
rs6780569,A:G,666,0.31223628691983124,251,0.105
rs6780569,G:G,1387,0.6502578527894983,251,0.105
rs556621,A:A,552,0.2593984962406015,256,0.107
rs556621,A:C,1030,0.48402255639097747,256,0.107
rs556621,C:C,546,0.2565789473684211,256,0.107
rs2634074,A:A,198,0.09875311720698254,379,0.159
rs2634074,A:T,713,0.35561097256857854,379,0.159
rs2634074,T:T,1094,0.5456359102244389,379,0.159
