rsid,A,T,G,C,A_N,T_N,G_N,C_N
rs180058,NA,0.403,NA,0.597,NA,190,NA,282
rs7412,NA,0.068,NA,0.932,NA,32,NA,438
rs429358,NA,0.919,NA,0.081,NA,430,NA,38
rs405509,0.753,NA,NA,0.247,354,NA,NA,116
rs520540,0.353,NA,0.647,NA,404,NA,740,NA
rs966221,NA,0.783,NA,0.217,NA,889,NA,247
rs1800796,NA,NA,0.326,0.674,NA,NA,374,772
rs2230501,0.764,NA,NA,0.236,875,NA,NA,271
rs4293222,NA,NA,0.62,0.38,NA,NA,710,436
rs4360791,0.634,NA,0.366,NA,723,NA,417,NA
rs7178239,NA,NA,0.505,0.495,NA,NA,579,567
rs9536591,0.376,NA,NA,0.624,430,NA,NA,714
rs10204475,NA,0.146,0.854,NA,NA,167,977,NA
rs10757278,0.536,NA,0.464,NA,576,NA,498,NA
rs11052413,NA,0.095,0.905,NA,NA,107,1023,NA
rs12429692,0.665,0.335,NA,NA,762,384,NA,NA
rs12932445,NA,0.608,NA,0.392,NA,636,NA,410
rs10037045,0.718,0.282,NA,NA,1621,637,NA,NA
rs107251,NA,0.288,NA,0.712,NA,688,NA,1704
rs12596316,0.655,NA,0.345,NA,1567,NA,825,NA
rs1805087,0.923,NA,0.077,NA,2013,NA,167,NA
rs1906591,0.53,NA,0.47,NA,1034,NA,918,NA
rs2301957,NA,0.173,NA,0.827,NA,415,NA,1983
rs2516838,NA,NA,0.883,0.117,NA,NA,2085,277
rs2540500,0.498,NA,0.502,NA,1181,NA,1191,NA
rs2851391,NA,0.273,NA,0.727,NA,650,NA,1732
rs4506565,0.946,0.054,NA,NA,2253,129,NA,NA
rs5015480,NA,0.824,NA,0.176,NA,1851,NA,395
rs7651090,0.758,NA,0.242,NA,1759,NA,561,NA
rs7903146,NA,0.053,NA,0.947,NA,123,NA,2217
rs822396,0.895,NA,0.105,NA,2113,NA,249,NA
rs10116277,NA,0.691,0.309,NA,NA,1695,759,NA
rs1063538,NA,0.566,NA,0.434,NA,1250,NA,960
rs10886471,NA,0.224,NA,0.776,NA,564,NA,1958
rs11558471,0.599,NA,0.401,NA,1513,NA,1011,NA
rs12255372,NA,0.014,0.986,NA,NA,35,2483,NA
rs12363280,NA,NA,0.147,0.853,NA,NA,366,2128
rs13266634,NA,0.408,NA,0.592,NA,1024,NA,1484
rs1333040,NA,0.693,NA,0.307,NA,1746,NA,772
rs2072512,0.591,0.409,NA,NA,1486,1030,NA,NA
rs2106261,0.336,NA,0.664,NA,836,NA,1652,NA
rs2267164,NA,0.613,NA,0.387,NA,1550,NA,980
rs234709,NA,0.103,NA,0.897,NA,257,NA,2233
rs2943641,NA,0.072,NA,0.928,NA,182,NA,2344
rs3825075,0.591,NA,0.409,NA,1481,NA,1027,NA
rs4402960,NA,0.25,0.75,NA,NA,628,1882,NA
rs4577037,NA,0.78,0.22,NA,NA,1953,551,NA
rs4712524,0.539,NA,0.461,NA,1350,NA,1156,NA
rs719037,0.743,NA,0.257,NA,1859,NA,643,NA
rs731991,0.83,NA,0.17,NA,2068,NA,424,NA
rs8034928,NA,0.693,NA,0.307,NA,1741,NA,773
rs854572,NA,NA,0.452,0.548,NA,NA,1129,1369
rs1051319,NA,NA,0.07,0.93,NA,NA,173,2293
rs10946398,0.532,NA,NA,0.468,1318,NA,NA,1160
rs1532268,0.133,NA,0.867,NA,331,NA,2155,NA
rs1544468,0.826,NA,0.174,NA,2044,NA,430,NA
rs17584499,NA,0.092,NA,0.908,NA,228,NA,2254
rs17817449,NA,0.879,0.121,NA,NA,2184,300,NA
rs1801278,0.012,NA,0.988,NA,29,NA,2443,NA
rs2247304,0.784,NA,0.216,NA,693,NA,191,NA
rs2283228,0.634,NA,NA,0.366,1577,NA,NA,909
rs2516839,0.318,NA,0.682,NA,778,NA,1672,NA
rs3733890,0.294,NA,0.706,NA,729,NA,1753,NA
rs3848180,NA,0.467,0.533,NA,NA,1063,1215,NA
rs4712032,0.796,NA,0.204,NA,1956,NA,500,NA
rs694539,0.353,NA,0.647,NA,872,NA,1600,NA
rs705379,0.309,NA,0.691,NA,519,NA,1159,NA
rs8050136,0.122,NA,NA,0.878,304,NA,NA,2182
rs864265,NA,0.1,0.9,NA,NA,237,2141,NA
rs1131445,NA,0.689,NA,0.311,NA,1680,NA,758
rs11868708,NA,0.716,NA,0.284,NA,1734,NA,688
rs11920090,0.012,0.988,NA,NA,29,2405,NA,NA
rs12779790,0.838,NA,0.162,NA,1974,NA,382,NA
rs16879248,NA,0.842,NA,0.158,NA,2035,NA,383
rs17070905,NA,0.094,NA,0.906,NA,228,NA,2190
rs17070967,NA,0.898,NA,0.102,NA,2155,NA,245
rs2293050,0.44,NA,0.56,NA,1063,NA,1351,NA
rs2301955,NA,0.171,NA,0.829,NA,417,NA,2017
rs3737787,NA,0.2,NA,0.8,NA,483,NA,1937
rs3923113,NA,0.846,0.154,NA,NA,2044,372,NA
rs4311394,0.559,NA,0.441,NA,1326,NA,1044,NA
rs4523957,NA,0.725,0.275,NA,NA,1678,638,NA
rs4769060,0.635,NA,0.365,NA,1544,NA,888,NA
rs5219,NA,0.412,NA,0.588,NA,995,NA,1419
rs705381,NA,0.111,NA,0.889,NA,264,NA,2104
rs7298096,0.69,NA,0.31,NA,1490,NA,668,NA
rs7612463,0.205,NA,NA,0.795,490,NA,NA,1898
rs7923837,0.783,NA,0.217,NA,1885,NA,521,NA
rs822391,NA,0.89,NA,0.11,NA,2146,NA,266
rs9939609,0.124,0.876,NA,NA,298,2096,NA,NA
rs12204590,0.008,0.992,NA,NA,3,365,NA,NA
rs1767788,NA,0.566,NA,0.434,NA,213,NA,163
rs2364368,0.308,0.692,NA,NA,114,256,NA,NA
rs2393938,NA,0.567,NA,0.433,NA,194,NA,148
rs3217992,0.419,NA,0.581,NA,145,NA,201,NA
rs3809263,0.379,NA,0.621,NA,131,NA,215,NA
rs4846049,NA,0.126,0.874,NA,NA,45,311,NA
rs5001076,NA,NA,NA,1,NA,NA,NA,374
rs7531549,0.055,NA,0.945,NA,19,NA,327,NA
rs8176668,0.299,0.701,NA,NA,104,244,NA,NA
rs13702,0.813,NA,0.187,NA,283,NA,65,NA
rs2241766,NA,NA,NA,NA,NA,NA,NA,NA
rs7107784,NA,NA,NA,NA,NA,NA,NA,NA
rs12495941,NA,0.389,0.611,NA,NA,930,1458,NA
rs1501299,0.272,NA,NA,0.728,646,NA,NA,1726
rs2228014,NA,0.137,NA,0.863,NA,327,NA,2067
rs4812829,0.436,NA,0.564,NA,1046,NA,1354,NA
rs11924390,NA,0.705,NA,0.295,NA,1619,NA,679
rs3746444,NA,0.738,NA,0.262,NA,1846,NA,654
rs3774261,0.546,NA,0.454,NA,1374,NA,1144,NA
rs6773957,0.544,NA,0.456,NA,1347,NA,1131,NA
rs117690401,0.08,NA,0.92,NA,431,NA,4981,NA
rs1428155,NA,0.665,NA,0.335,NA,3530,NA,1782
rs660599,NA,0.117,NA,0.883,NA,618,NA,4670
rs879324,NA,0.348,NA,0.652,NA,1856,NA,3472
rs2066715,0.4,NA,0.6,NA,2149,NA,3217,NA
rs2237895,0.674,NA,NA,0.326,3545,NA,NA,1711
rs67156297,0.099,NA,0.901,NA,517,NA,4715,NA
rs7403531,NA,0.38,NA,0.62,NA,2052,NA,3342
rs780094,0.539,NA,0.461,NA,2888,NA,2468,NA
rs972283,0.263,NA,0.737,NA,1406,NA,3936,NA
rs2200733,NA,0.529,NA,0.471,NA,2887,NA,2569
rs1048612,NA,0.186,NA,0.814,NA,1005,NA,4407
rs10811661,NA,0.515,NA,0.485,NA,2827,NA,2657
rs1746048,NA,0.354,NA,0.646,NA,1941,NA,3539
rs1801133,NA,0.638,NA,0.362,NA,3517,NA,1993
rs2292832,NA,0.68,NA,0.32,NA,3715,NA,1747
rs2297630,0.148,NA,0.852,NA,816,NA,4694,NA
rs2383207,0.326,NA,0.674,NA,1786,NA,3698,NA
rs3865188,0.331,0.669,NA,NA,1828,3690,NA,NA
rs4783244,NA,0.332,0.668,NA,NA,1832,3694,NA
rs1801157,0.216,NA,0.784,NA,1188,NA,4316,NA
rs3802177,NA,0.348,NA,0.652,NA,1808,NA,3384
rs6565105,0.417,NA,0.583,NA,2296,NA,3210,NA
rs7756992,0.471,NA,0.529,NA,2587,NA,2911,NA
rs1111875,0.725,NA,0.275,NA,3992,NA,1516,NA
rs16861194,0.824,NA,0.176,NA,4543,NA,969,NA
rs266729,NA,NA,0.281,0.719,NA,NA,1540,3932
rs3735590,NA,0.141,NA,0.859,NA,779,NA,4765
rs662,0.375,NA,0.625,NA,2067,NA,3447,NA
rs10447248,0.669,NA,0.331,NA,3660,NA,1808,NA
rs1778155,NA,0.13,NA,0.87,NA,658,NA,4402
rs1952706,NA,0.527,NA,0.473,NA,2199,NA,1971
rs1027087,0.707,0.293,NA,NA,3624,1502,NA,NA
rs10489177,NA,0.422,0.578,NA,NA,2089,2863,NA
rs11077501,NA,0.708,NA,0.292,NA,3463,NA,1425
rs12445022,0.414,NA,0.586,NA,2133,NA,3025,NA
rs12679556,NA,0.316,0.684,NA,NA,1424,3084,NA
rs13017482,NA,0.868,NA,0.132,NA,4444,NA,676
rs1334576,0.539,NA,0.461,NA,2716,NA,2320,NA
rs1982963,0.79,NA,0.21,NA,4028,NA,1070,NA
rs2213732,0.83,NA,0.17,NA,4149,NA,851,NA
rs225132,NA,0.314,0.686,NA,NA,1598,3484,NA
rs2625967,0.57,NA,0.43,NA,2875,NA,2169,NA
rs2820443,NA,0.679,NA,0.321,NA,3424,NA,1618
rs2861568,0.49,0.51,NA,NA,2397,2493,NA,NA
rs2925979,NA,0.394,NA,0.606,NA,2049,NA,3151
rs351855,0.406,NA,0.594,NA,2075,NA,3039,NA
rs3887137,NA,0.373,NA,0.627,NA,1711,NA,2881
rs4911495,0.861,NA,NA,0.139,4203,NA,NA,679
rs5020946,NA,0.378,0.622,NA,NA,1871,3075,NA
rs6905288,0.726,NA,0.274,NA,3546,NA,1336,NA
rs984222,NA,NA,0.621,0.379,NA,NA,3076,1876
rs1534696,0.811,NA,NA,0.189,3774,NA,NA,878
rs6556301,NA,0.549,0.451,NA,NA,2644,2168,NA
rs12608504,0.236,NA,0.764,NA,1099,NA,3567,NA
rs10849373,0.024,NA,0.976,NA,68,NA,2812,NA
rs2139733,0.431,0.569,NA,NA,1208,1598,NA,NA
rs3842,NA,0.734,NA,0.266,NA,2016,NA,730
rs4148727,0.886,NA,0.114,NA,2469,NA,317,NA
rs9551963,0.645,NA,NA,0.355,2566,NA,NA,1410
rs12051272,NA,0.304,0.696,NA,NA,1584,3624,NA
rs2540489,0.609,NA,0.391,NA,3109,NA,1993,NA
rs2240419,0.236,NA,0.764,NA,1264,NA,4092,NA
rs6538697,NA,0.731,NA,0.269,NA,3935,NA,1447
rs2383206,0.538,NA,0.462,NA,2755,NA,2363,NA
rs2389995,0.79,NA,0.21,NA,4261,NA,1131,NA
rs7857345,NA,0.312,NA,0.688,NA,1596,NA,3524
rs10507391,0.382,0.618,NA,NA,1538,2490,NA,NA
rs2043211,0.511,0.489,NA,NA,2212,2120,NA,NA
rs2107595,NA,0.13,NA,0.87,NA,334,NA,2228
rs11196288,0.661,NA,0.339,NA,3424,NA,1754,NA
rs11614913,NA,0.507,NA,0.493,NA,2565,NA,2491
rs12425791,0.248,NA,0.752,NA,1295,NA,3917,NA
rs161802,NA,0.667,0.333,NA,NA,3434,1716,NA
rs16851055,0.189,NA,0.811,NA,969,NA,4169,NA
rs2787417,NA,0.444,NA,0.556,NA,2188,NA,2740
rs4977574,0.547,NA,0.453,NA,2853,NA,2365,NA
rs505922,NA,0.528,NA,0.472,NA,2722,NA,2430
rs556621,0.502,NA,NA,0.498,2577,NA,NA,2561
rs579459,NA,0.808,NA,0.192,NA,4196,NA,998
rs934075,0.489,NA,0.511,NA,2497,NA,2613,NA
rs2634074,0.725,0.275,NA,NA,3533,1343,NA,NA
rs10830963,NA,NA,0.426,0.574,NA,NA,2172,2926
rs1116357,NA,0.568,NA,0.432,NA,2867,NA,2183
rs1387153,NA,0.519,NA,0.481,NA,2598,NA,2406
rs243021,NA,0.545,NA,0.455,NA,2642,NA,2210
rs4607103,NA,0.372,NA,0.628,NA,1899,NA,3199
rs67839313,NA,0.613,NA,0.387,NA,3129,NA,1973
rs7041847,0.458,NA,0.542,NA,2317,NA,2747,NA
rs7766070,NA,NA,NA,1,NA,NA,NA,5334
rs9309245,NA,NA,0.42,0.58,NA,NA,2024,2792
rs340874,0.519,NA,0.481,NA,2690,NA,2492,NA
rs3786897,0.504,NA,0.496,NA,2533,NA,2495,NA
rs7193343,NA,0.663,NA,0.337,NA,3584,NA,1820
rs11833579,0.333,NA,0.667,NA,1752,NA,3506,NA
rs1029153,NA,0.793,NA,0.207,NA,3814,NA,996
rs2237892,NA,0.322,NA,0.678,NA,1681,NA,3537
rs2910164,NA,NA,0.45,0.55,NA,NA,2445,2983
rs3865186,NA,0.453,NA,0.547,NA,2364,NA,2858
rs4948878,0.936,NA,0.064,NA,4780,NA,328,NA
rs6843082,0.264,NA,0.736,NA,1436,NA,4008,NA
rs501120,0.611,NA,0.389,NA,3172,NA,2020,NA
rs7193788,0.53,NA,0.47,NA,2839,NA,2515,NA
rs182052,0.509,NA,0.491,NA,2685,NA,2587,NA
rs6017317,NA,0.562,0.438,NA,NA,2930,2284,NA
rs6780569,0.195,NA,0.805,NA,1005,NA,4143,NA
