rsid,genotype,miss_freq
rs180058,C:C,0.918
rs180058,C:T,0.918
rs180058,T:T,0.918
rs7412,C:C,0.918
rs7412,C:T,0.918
rs7412,T:T,0.918
rs429358,C:C,0.919
rs429358,C:T,0.919
rs429358,T:T,0.919
rs405509,A:A,0.918
rs405509,A:C,0.918
rs405509,C:C,0.918
rs520540,A:A,0.801
rs520540,A:G,0.801
rs520540,G:G,0.801
rs966221,C:C,0.803
rs966221,C:T,0.803
rs966221,T:T,0.803
rs1800796,C:C,0.801
rs1800796,C:G,0.801
rs1800796,G:G,0.801
rs2230501,A:A,0.801
rs2230501,A:C,0.801
rs2230501,C:C,0.801
rs4293222,C:C,0.801
rs4293222,C:G,0.801
rs4293222,G:G,0.801
rs4360791,A:A,0.802
rs4360791,A:G,0.802
rs4360791,G:G,0.802
rs7178239,C:C,0.801
rs7178239,C:G,0.801
rs7178239,G:G,0.801
rs9536591,A:A,0.801
rs9536591,A:C,0.801
rs9536591,C:C,0.801
rs10204475,G:G,0.801
rs10204475,G:T,0.801
rs10204475,T:T,0.801
rs10757278,A:A,0.813
rs10757278,A:G,0.813
rs10757278,G:G,0.813
rs11052413,G:G,0.804
rs11052413,G:T,0.804
rs11052413,T:T,0.804
rs12429692,A:A,0.801
rs12429692,A:T,0.801
rs12429692,T:T,0.801
rs12932445,C:C,0.818
rs12932445,C:T,0.818
rs12932445,T:T,0.818
rs10037045,A:A,0.608
rs10037045,A:T,0.608
rs10037045,T:T,0.608
rs107251,C:C,0.584
rs107251,C:T,0.584
rs107251,T:T,0.584
rs12596316,A:A,0.584
rs12596316,A:G,0.584
rs12596316,G:G,0.584
rs1805087,A:A,0.621
rs1805087,A:G,0.621
rs1805087,G:G,0.621
rs1906591,A:A,0.661
rs1906591,A:G,0.661
rs1906591,G:G,0.661
rs2301957,C:C,0.583
rs2301957,C:T,0.583
rs2301957,T:T,0.583
rs2516838,C:C,0.59
rs2516838,C:G,0.59
rs2516838,G:G,0.59
rs2540500,A:A,0.588
rs2540500,A:G,0.588
rs2540500,G:G,0.588
rs2851391,C:C,0.586
rs2851391,C:T,0.586
rs2851391,T:T,0.586
rs4506565,A:A,0.586
rs4506565,A:T,0.586
rs4506565,T:T,0.586
rs5015480,C:C,0.61
rs5015480,C:T,0.61
rs5015480,T:T,0.61
rs7651090,A:A,0.597
rs7651090,A:G,0.597
rs7651090,G:G,0.597
rs7903146,C:C,0.593
rs7903146,C:T,0.593
rs7903146,T:T,0.593
rs822396,A:A,0.59
rs822396,A:G,0.59
rs822396,G:G,0.59
rs10116277,G:G,0.574
rs10116277,G:T,0.574
rs10116277,T:T,0.574
rs1063538,C:C,0.616
rs1063538,C:T,0.616
rs1063538,T:T,0.616
rs10886471,C:C,0.562
rs10886471,C:T,0.562
rs10886471,T:T,0.562
rs11558471,A:A,0.562
rs11558471,A:G,0.562
rs11558471,G:G,0.562
rs12255372,G:G,0.563
rs12255372,G:T,0.563
rs12255372,T:T,0.563
rs12363280,C:C,0.567
rs12363280,C:G,0.567
rs12363280,G:G,0.567
rs13266634,C:C,0.564
rs13266634,C:T,0.564
rs13266634,T:T,0.564
rs1333040,C:C,0.563
rs1333040,C:T,0.563
rs1333040,T:T,0.563
rs2072512,A:A,0.563
rs2072512,A:T,0.563
rs2072512,T:T,0.563
rs2106261,A:A,0.568
rs2106261,A:G,0.568
rs2106261,G:G,0.568
rs2267164,C:C,0.56
rs2267164,C:T,0.56
rs2267164,T:T,0.56
rs234709,C:C,0.567
rs234709,C:T,0.567
rs234709,T:T,0.567
rs2943641,C:C,0.561
rs2943641,C:T,0.561
rs2943641,T:T,0.561
rs3825075,A:A,0.564
rs3825075,A:G,0.564
rs3825075,G:G,0.564
rs4402960,G:G,0.564
rs4402960,G:T,0.564
rs4402960,T:T,0.564
rs4577037,G:G,0.565
rs4577037,G:T,0.565
rs4577037,T:T,0.565
rs4712524,A:A,0.565
rs4712524,A:G,0.565
rs4712524,G:G,0.565
rs719037,A:A,0.565
rs719037,A:G,0.565
rs719037,G:G,0.565
rs731991,A:A,0.567
rs731991,A:G,0.567
rs731991,G:G,0.567
rs8034928,C:C,0.563
rs8034928,C:T,0.563
rs8034928,T:T,0.563
rs854572,C:C,0.566
rs854572,C:G,0.566
rs854572,G:G,0.566
rs1051319,C:C,0.572
rs1051319,C:G,0.572
rs1051319,G:G,0.572
rs10946398,A:A,0.569
rs10946398,A:C,0.569
rs10946398,C:C,0.569
rs1532268,A:A,0.568
rs1532268,A:G,0.568
rs1532268,G:G,0.568
rs1544468,A:A,0.57
rs1544468,A:G,0.57
rs1544468,G:G,0.57
rs17584499,C:C,0.569
rs17584499,C:T,0.569
rs17584499,T:T,0.569
rs17817449,G:G,0.568
rs17817449,G:T,0.568
rs17817449,T:T,0.568
rs1801278,A:G,0.571
rs1801278,G:G,0.571
rs2247304,A:A,0.846
rs2247304,A:G,0.846
rs2247304,G:G,0.846
rs2283228,A:A,0.568
rs2283228,A:C,0.568
rs2283228,C:C,0.568
rs2516839,A:A,0.574
rs2516839,A:G,0.574
rs2516839,G:G,0.574
rs3733890,A:A,0.569
rs3733890,A:G,0.569
rs3733890,G:G,0.569
rs3848180,G:G,0.604
rs3848180,G:T,0.604
rs3848180,T:T,0.604
rs4712032,A:A,0.573
rs4712032,A:G,0.573
rs4712032,G:G,0.573
rs694539,A:A,0.571
rs694539,A:G,0.571
rs694539,G:G,0.571
rs705379,A:A,0.708
rs705379,A:G,0.708
rs705379,G:G,0.708
rs8050136,A:A,0.568
rs8050136,A:C,0.568
rs8050136,C:C,0.568
rs864265,G:G,0.587
rs864265,G:T,0.587
rs864265,T:T,0.587
rs1131445,C:C,0.576
rs1131445,C:T,0.576
rs1131445,T:T,0.576
rs11868708,C:C,0.579
rs11868708,C:T,0.579
rs11868708,T:T,0.579
rs11920090,A:T,0.577
rs11920090,T:T,0.577
rs12779790,A:A,0.591
rs12779790,A:G,0.591
rs12779790,G:G,0.591
rs16879248,C:C,0.58
rs16879248,C:T,0.58
rs16879248,T:T,0.58
rs17070905,C:C,0.58
rs17070905,C:T,0.58
rs17070905,T:T,0.58
rs17070967,C:C,0.583
rs17070967,C:T,0.583
rs17070967,T:T,0.583
rs2293050,A:A,0.581
rs2293050,A:G,0.581
rs2293050,G:G,0.581
rs2301955,C:C,0.577
rs2301955,C:T,0.577
rs2301955,T:T,0.577
rs3737787,C:C,0.58
rs3737787,C:T,0.58
rs3737787,T:T,0.58
rs3923113,G:G,0.58
rs3923113,G:T,0.58
rs3923113,T:T,0.58
rs4311394,A:A,0.588
rs4311394,A:G,0.588
rs4311394,G:G,0.588
rs4523957,G:G,0.598
rs4523957,G:T,0.598
rs4523957,T:T,0.598
rs4769060,A:A,0.577
rs4769060,A:G,0.577
rs4769060,G:G,0.577
rs5219,C:C,0.581
rs5219,C:T,0.581
rs5219,T:T,0.581
rs705381,C:C,0.589
rs705381,C:T,0.589
rs705381,T:T,0.589
rs7298096,A:A,0.625
rs7298096,A:G,0.625
rs7298096,G:G,0.625
rs7612463,A:A,0.585
rs7612463,A:C,0.585
rs7612463,C:C,0.585
rs7923837,A:A,0.582
rs7923837,A:G,0.582
rs7923837,G:G,0.582
rs822391,C:C,0.581
rs822391,C:T,0.581
rs822391,T:T,0.581
rs9939609,A:A,0.584
rs9939609,A:T,0.584
rs9939609,T:T,0.584
rs12204590,A:T,0.936
rs12204590,T:T,0.936
rs1767788,C:C,0.935
rs1767788,C:T,0.935
rs1767788,T:T,0.935
rs2364368,A:A,0.936
rs2364368,A:T,0.936
rs2364368,T:T,0.936
rs2393938,C:C,0.941
rs2393938,C:T,0.941
rs2393938,T:T,0.941
rs3217992,A:A,0.94
rs3217992,A:G,0.94
rs3217992,G:G,0.94
rs3809263,A:A,0.94
rs3809263,A:G,0.94
rs3809263,G:G,0.94
rs4846049,G:G,0.938
rs4846049,G:T,0.938
rs4846049,T:T,0.938
rs5001076,C:C,0.935
rs7531549,A:A,0.94
rs7531549,A:G,0.94
rs7531549,G:G,0.94
rs8176668,A:A,0.94
rs8176668,A:T,0.94
rs8176668,T:T,0.94
rs13702,A:A,0.94
rs13702,A:G,0.94
rs13702,G:G,0.94
rs2241766,NA,1
rs7107784,NA,1
rs12495941,G:G,0.585
rs12495941,G:T,0.585
rs12495941,T:T,0.585
rs1501299,A:A,0.588
rs1501299,A:C,0.588
rs1501299,C:C,0.588
rs2228014,C:C,0.584
rs2228014,C:T,0.584
rs2228014,T:T,0.584
rs4812829,A:A,0.583
rs4812829,A:G,0.583
rs4812829,G:G,0.583
rs11924390,C:C,0.601
rs11924390,C:T,0.601
rs11924390,T:T,0.601
rs3746444,C:C,0.566
rs3746444,C:T,0.566
rs3746444,T:T,0.566
rs3774261,A:A,0.563
rs3774261,A:G,0.563
rs3774261,G:G,0.563
rs6773957,A:A,0.569
rs6773957,A:G,0.569
rs6773957,G:G,0.569
rs117690401,A:A,0.06
rs117690401,A:G,0.06
rs117690401,G:G,0.06
rs1428155,C:C,0.077
rs1428155,C:T,0.077
rs1428155,T:T,0.077
rs660599,C:C,0.081
rs660599,C:T,0.081
rs660599,T:T,0.081
rs879324,C:C,0.074
rs879324,C:T,0.074
rs879324,T:T,0.074
rs2066715,A:A,0.068
rs2066715,A:G,0.068
rs2066715,G:G,0.068
rs2237895,A:A,0.087
rs2237895,A:C,0.087
rs2237895,C:C,0.087
rs67156297,A:A,0.091
rs67156297,A:G,0.091
rs67156297,G:G,0.091
rs7403531,C:C,0.063
rs7403531,C:T,0.063
rs7403531,T:T,0.063
rs780094,A:A,0.069
rs780094,A:G,0.069
rs780094,G:G,0.069
rs972283,A:A,0.072
rs972283,A:G,0.072
rs972283,G:G,0.072
rs2200733,C:C,0.052
rs2200733,C:T,0.052
rs2200733,T:T,0.052
rs1048612,C:C,0.06
rs1048612,C:T,0.06
rs1048612,T:T,0.06
rs10811661,C:C,0.047
rs10811661,C:T,0.047
rs10811661,T:T,0.047
rs1746048,C:C,0.048
rs1746048,C:T,0.048
rs1746048,T:T,0.048
rs1801133,C:C,0.043
rs1801133,C:T,0.043
rs1801133,T:T,0.043
rs2292832,C:C,0.051
rs2292832,C:T,0.051
rs2292832,T:T,0.051
rs2297630,A:A,0.043
rs2297630,A:G,0.043
rs2297630,G:G,0.043
rs2383207,A:A,0.047
rs2383207,A:G,0.047
rs2383207,G:G,0.047
rs3865188,A:A,0.041
rs3865188,A:T,0.041
rs3865188,T:T,0.041
rs4783244,G:G,0.04
rs4783244,G:T,0.04
rs4783244,T:T,0.04
rs1801157,A:A,0.044
rs1801157,A:G,0.044
rs1801157,G:G,0.044
rs3802177,C:C,0.098
rs3802177,C:T,0.098
rs3802177,T:T,0.098
rs6565105,A:A,0.043
rs6565105,A:G,0.043
rs6565105,G:G,0.043
rs7756992,A:A,0.045
rs7756992,A:G,0.045
rs7756992,G:G,0.045
rs1111875,A:A,0.043
rs1111875,A:G,0.043
rs1111875,G:G,0.043
rs16861194,A:A,0.042
rs16861194,A:G,0.042
rs16861194,G:G,0.042
rs266729,C:C,0.049
rs266729,C:G,0.049
rs266729,G:G,0.049
rs3735590,C:C,0.037
rs3735590,C:T,0.037
rs3735590,T:T,0.037
rs662,A:A,0.042
rs662,A:G,0.042
rs662,G:G,0.042
rs10447248,A:A,0.05
rs10447248,A:G,0.05
rs10447248,G:G,0.05
rs1778155,C:C,0.121
rs1778155,C:T,0.121
rs1778155,T:T,0.121
rs1952706,C:C,0.276
rs1952706,C:T,0.276
rs1952706,T:T,0.276
rs1027087,A:A,0.109
rs1027087,A:T,0.109
rs1027087,T:T,0.109
rs10489177,G:G,0.14
rs10489177,G:T,0.14
rs10489177,T:T,0.14
rs11077501,C:C,0.151
rs11077501,C:T,0.151
rs11077501,T:T,0.151
rs12445022,A:A,0.104
rs12445022,A:G,0.104
rs12445022,G:G,0.104
rs12679556,G:G,0.217
rs12679556,G:T,0.217
rs12679556,T:T,0.217
rs13017482,C:C,0.11
rs13017482,C:T,0.11
rs13017482,T:T,0.11
rs1334576,A:A,0.125
rs1334576,A:G,0.125
rs1334576,G:G,0.125
rs1982963,A:A,0.114
rs1982963,A:G,0.114
rs1982963,G:G,0.114
rs2213732,A:A,0.131
rs2213732,A:G,0.131
rs2213732,G:G,0.131
rs225132,G:G,0.117
rs225132,G:T,0.117
rs225132,T:T,0.117
rs2625967,A:A,0.124
rs2625967,A:G,0.124
rs2625967,G:G,0.124
rs2820443,C:C,0.124
rs2820443,C:T,0.124
rs2820443,T:T,0.124
rs2861568,A:A,0.15
rs2861568,A:T,0.15
rs2861568,T:T,0.15
rs2925979,C:C,0.097
rs2925979,C:T,0.097
rs2925979,T:T,0.097
rs351855,A:A,0.112
rs351855,A:G,0.112
rs351855,G:G,0.112
rs3887137,C:C,0.202
rs3887137,C:T,0.202
rs3887137,T:T,0.202
rs4911495,A:A,0.152
rs4911495,A:C,0.152
rs4911495,C:C,0.152
rs5020946,G:G,0.141
rs5020946,G:T,0.141
rs5020946,T:T,0.141
rs6905288,A:A,0.152
rs6905288,A:G,0.152
rs6905288,G:G,0.152
rs984222,C:C,0.14
rs984222,C:G,0.14
rs984222,G:G,0.14
rs1534696,A:A,0.192
rs1534696,A:C,0.192
rs1534696,C:C,0.192
rs6556301,G:G,0.164
rs6556301,G:T,0.164
rs6556301,T:T,0.164
rs12608504,A:A,0.189
rs12608504,A:G,0.189
rs12608504,G:G,0.189
rs10849373,A:A,0.5
rs10849373,G:G,0.5
rs2139733,A:A,0.513
rs2139733,A:T,0.513
rs2139733,T:T,0.513
rs3842,C:C,0.523
rs3842,C:T,0.523
rs3842,T:T,0.523
rs4148727,A:A,0.516
rs4148727,A:G,0.516
rs4148727,G:G,0.516
rs9551963,A:A,0.309
rs9551963,A:C,0.309
rs9551963,C:C,0.309
rs12051272,G:G,0.095
rs12051272,G:T,0.095
rs12051272,T:T,0.095
rs2540489,A:A,0.114
rs2540489,A:G,0.114
rs2540489,G:G,0.114
rs2240419,A:A,0.069
rs2240419,A:G,0.069
rs2240419,G:G,0.069
rs6538697,C:C,0.065
rs6538697,C:T,0.065
rs6538697,T:T,0.065
rs2383206,A:A,0.111
rs2383206,A:G,0.111
rs2383206,G:G,0.111
rs2389995,A:A,0.063
rs2389995,A:G,0.063
rs2389995,G:G,0.063
rs7857345,C:C,0.11
rs7857345,C:T,0.11
rs7857345,T:T,0.11
rs10507391,A:A,0.3
rs10507391,A:T,0.3
rs10507391,T:T,0.3
rs2043211,A:A,0.247
rs2043211,A:T,0.247
rs2043211,T:T,0.247
rs2107595,C:C,0.555
rs2107595,C:T,0.555
rs2107595,T:T,0.555
rs11196288,A:A,0.1
rs11196288,A:G,0.1
rs11196288,G:G,0.1
rs11614913,C:C,0.122
rs11614913,C:T,0.122
rs11614913,T:T,0.122
rs12425791,A:A,0.095
rs12425791,A:G,0.095
rs12425791,G:G,0.095
rs161802,G:G,0.105
rs161802,G:T,0.105
rs161802,T:T,0.105
rs16851055,A:A,0.107
rs16851055,A:G,0.107
rs16851055,G:G,0.107
rs2787417,C:C,0.144
rs2787417,C:T,0.144
rs2787417,T:T,0.144
rs4977574,A:A,0.093
rs4977574,A:G,0.093
rs4977574,G:G,0.093
rs505922,C:C,0.105
rs505922,C:T,0.105
rs505922,T:T,0.105
rs556621,A:A,0.107
rs556621,A:C,0.107
rs556621,C:C,0.107
rs579459,C:C,0.098
rs579459,C:T,0.098
rs579459,T:T,0.098
rs934075,A:A,0.112
rs934075,A:G,0.112
rs934075,G:G,0.112
rs2634074,A:A,0.153
rs2634074,A:T,0.153
rs2634074,T:T,0.153
rs10830963,C:C,0.114
rs10830963,C:G,0.114
rs10830963,G:G,0.114
rs1116357,C:C,0.123
rs1116357,C:T,0.123
rs1116357,T:T,0.123
rs1387153,C:C,0.131
rs1387153,C:T,0.131
rs1387153,T:T,0.131
rs243021,C:C,0.157
rs243021,C:T,0.157
rs243021,T:T,0.157
rs4607103,C:C,0.114
rs4607103,C:T,0.114
rs4607103,T:T,0.114
rs67839313,C:C,0.114
rs67839313,C:T,0.114
rs67839313,T:T,0.114
rs7041847,A:A,0.12
rs7041847,A:G,0.12
rs7041847,G:G,0.12
rs7766070,C:C,0.073
rs9309245,C:C,0.163
rs9309245,C:G,0.163
rs9309245,G:G,0.163
rs340874,A:A,0.1
rs340874,A:G,0.1
rs340874,G:G,0.1
rs3786897,A:A,0.126
rs3786897,A:G,0.126
rs3786897,G:G,0.126
rs7193343,C:C,0.061
rs7193343,C:T,0.061
rs7193343,T:T,0.061
rs11833579,A:A,0.087
rs11833579,A:G,0.087
rs11833579,G:G,0.087
rs1029153,C:C,0.164
rs1029153,C:T,0.164
rs1029153,T:T,0.164
rs2237892,C:C,0.093
rs2237892,C:T,0.093
rs2237892,T:T,0.093
rs2910164,C:C,0.057
rs2910164,C:G,0.057
rs2910164,G:G,0.057
rs3865186,C:C,0.093
rs3865186,C:T,0.093
rs3865186,T:T,0.093
rs4948878,A:A,0.113
rs4948878,A:G,0.113
rs4948878,G:G,0.113
rs6843082,A:A,0.054
rs6843082,A:G,0.054
rs6843082,G:G,0.054
rs501120,A:A,0.098
rs501120,A:G,0.098
rs501120,G:G,0.098
rs7193788,A:A,0.07
rs7193788,A:G,0.07
rs7193788,G:G,0.07
rs182052,A:A,0.084
rs182052,A:G,0.084
rs182052,G:G,0.084
rs6017317,G:G,0.094
rs6017317,G:T,0.094
rs6017317,T:T,0.094
rs6780569,A:A,0.106
rs6780569,A:G,0.106
rs6780569,G:G,0.106
